<IfModule mod_headers.c>
   Header add Strict-Transport-Security "max-age=31536000; includeSubDomains"
</IfModule>
<IfModule mod_rewrite.c>
    <IfModule mod_negotiation.c>
        Options -MultiViews
    </IfModule>
   
Options +FollowSymLinks
    RewriteEngine On
    #static page redirection to webflow  
    Redirect 301 /about-us https://web.measurematch.com/about-us
    Redirect 301 /blog https://web.measurematch.com/blog
 	Redirect 301 /blog/3-examples-of-how-measurematch-works-for-companies-part-1 https://web.measurematch.com/blog/3-examples-of-how-measurematch-works-for-companies-part-1	
    Redirect 301 /blog/3-examples-of-how-measurematch-works-for-companies-part-2 https://web.measurematch.com/blog/3-examples-of-how-measurematch-works-for-companies-part-2	
    Redirect 301 /blog/3-things-to-look-for-when-hiring-the-best-remote-workers	https://web.measurematch.com/blog/3-things-to-look-for-when-hiring-the-best-remote-workers
    Redirect 301 /blog/6-reasons-why-we-interview-measurematch-experts-and-why-well-keep-this-important-part-of-the-process	https://web.measurematch.com/blog/6-reasons-why-we-interview-measurematch-experts-and-why-well-keep-this-important-part-of-the-process
    Redirect 301 /blog/6-things-to-consider-before-signing-up-to-become-a-measurematch-expert https://web.measurematch.com/blog/6-things-to-consider-before-signing-up-to-become-a-measurematch-expert	
    Redirect 301 /blog/data-analytics-influencers-2018 https://web.measurematch.com/blog/data-analytics-influencers-2018
    Redirect 301 /blog/measurematch-in-berlin-auf-gehts	https://web.measurematch.com/blog/measurematch-in-berlin-auf-gehts	
    Redirect 301 /blog/measurematch-news-issue-1 https://web.measurematch.com/blog/measurematch-news-issue-1	
    Redirect 301 /blog/measurematch-news-issue-2-measurematch-services-martech-edu-beboldforchange-friends-more	https://web.measurematch.com/blog/measurematch-news-issue-2-measurematch-services-martech-edu-beboldforchange-friends-more
    Redirect 301 /blog/no-accident https://web.measurematch.com/blog/no-accident
    Redirect 301 /blog/the-marketing-tech-data-insight-experts-meetup-is-here https://web.measurematch.com/blog/the-marketing-tech-data-insight-experts-meetup-is-here
    Redirect 301 /blog/the-tech-nation-2017-report-is-kinda-awesome	https://web.measurematch.com/blog/the-tech-nation-2017-report-is-kinda-awesome
    Redirect 301 /blog/the-top-5-marketing-technology-categories-that-independent-consultants-consultancies-can-help-organizations-to-use-much-better https://web.measurematch.com/blog/the-top-5-marketing-technology-categories-that-independent-consultants-consultancies-can-help-organizations-to-use-much-better	
    Redirect 301 /code-of-conduct https://web.measurematch.com/code-of-conduct
    Redirect 301 /contact-us https://web.measurematch.com/contact-us	
    Redirect 301 /customers/alex-r https://web.measurematch.com/customers/alex-r	
    Redirect 301 /customers/dbi https://web.measurematch.com/customers/dbi
    Redirect 301 /customers/gareth-w https://web.measurematch.com/customers/gareth-w	
    Redirect 301 /customers/juliana-m https://web.measurematch.com/customers/juliana-m	
    Redirect 301 /customers/kano https://web.measurematch.com/customers/kano	
    Redirect 301 /customers/maria-l https://web.measurematch.com/customers/maria-l	
    Redirect 301 /customers/mila https://web.measurematch.com/customers/mila	
    Redirect 301 /customers/optiopay https://web.measurematch.com/customers/optiopay	
    Redirect 301 /customers/syneos-health https://web.measurematch.com/customers/syneos-health	
    Redirect 301 /expert/aaron-m https://web.measurematch.com/expert/aaron-m	
    Redirect 301 /expert/alec-c	https://web.measurematch.com/expert/alec-c
    Redirect 301 /expert/dan-t https://web.measurematch.com/expert/dan-t	
    Redirect 301 /expert/emma-h https://web.measurematch.com/expert/emma-h	
    Redirect 301 /expert/francesco-g https://web.measurematch.com/expert/francesco-g	
    Redirect 301 /expert/gorkem-m https://web.measurematch.com/expert/gorkem-m	
    Redirect 301 /expert/jason-p https://web.measurematch.com/expert/jason-p	
    Redirect 301 /expert/juliana-m https://web.measurematch.com/expert/juliana-m	
    Redirect 301 /expert/ken-b https://web.measurematch.com/expert/ken-b	
    Redirect 301 /expert/marissa-g https://web.measurematch.com/expert/marissa-g	
    Redirect 301 /expert/mark-r https://web.measurematch.com/expert/mark-r	
    Redirect 301 /expert/mark-t	https://web.measurematch.com/expert/mark-t
    Redirect 301 /expert/meisam-m https://web.measurematch.com/expert/meisam-m	
    Redirect 301 /expert/monika-a https://web.measurematch.com/expert/monika-a	
    Redirect 301 /expert/stefan-k https://web.measurematch.com/expert/stefan-k	
    Redirect 301 /expert/tiran-d https://web.measurematch.com/expert/tiran-d	
    Redirect 301 /expert/todd-b	https://web.measurematch.com/expert/todd-b
    Redirect 301 /expert/zachary-v https://web.measurematch.com/expert/zachary-v	
    Redirect 301 /expert/zeinab-a https://web.measurematch.com/expert/zeinab-a	
    Redirect 301 /expert/zumzum-k https://web.measurematch.com/expert/zumzum-k	
    Redirect 301 /faq https://web.measurematch.com/faq	
    Redirect 301 /faq/what-is-measurematch https://web.measurematch.com/faq/what-is-measurematch	
    Redirect 301 /how-it-works https://web.measurematch.com/how-it-works	
    Redirect 301 /newsletter/form https://web.measurematch.com/newsletter/form	
    Redirect 301 /newsletter/subscribe-success https://web.measurematch.com/newsletter/subscribe-success	
    Redirect 301 /newsletter/verified-success https://web.measurematch.com/newsletter/verified-success	
    Redirect 301 /our-experts https://web.measurematch.com/our-experts	
    Redirect 301 /privacy-policy https://web.measurematch.com/privacy-policy	
    Redirect 301 /sanjay/home https://web.measurematch.com/sanjay/home	
    Redirect 301 /sanjay/home-copy https://web.measurematch.com/sanjay/home-copy	
    Redirect 301 /sanjay/our-experts https://web.measurematch.com/sanjay/our-experts	
    Redirect 301 /sanjay/test https://web.measurematch.com/sanjay/test	
    Redirect 301 /services/a-b-testing https://web.measurematch.com/services/a-b-testing	
    Redirect 301 /services/adobe-analytics https://web.measurematch.com/services/adobe-analytics	
    Redirect 301 /services/adobe-target	https://web.measurematch.com/services/adobe-target
    Redirect 301 /services/conversion-rate-optimization	https://web.measurematch.com/services/conversion-rate-optimization
    Redirect 301 /services/crm https://web.measurematch.com/services/crm
    Redirect 301 /services/data-cleaning https://web.measurematch.com/services/crm	
    Redirect 301 /services/data-science	https://web.measurematch.com/services/data-science
    Redirect 301 /services/data-visualization https://web.measurematch.com/services/data-visualization	
    Redirect 301 /services/domo	https://web.measurematch.com/services/domo
    Redirect 301 /services/google-analytics	https://web.measurematch.com/services/google-analytics
    Redirect 301 /services/google-data-studio https://web.measurematch.com/services/google-data-studio	
    Redirect 301 /services/google-optimize https://web.measurematch.com/services/google-optimize	
    Redirect 301 /services/google-tag-manager https://web.measurematch.com/services/google-tag-manager	
    Redirect 301 /services/identity-resolution https://web.measurematch.com/services/identity-resolution	
    Redirect 301 /services/machine-learning	https://web.measurematch.com/services/machine-learning
    Redirect 301 /services/marketing-automation	https://web.measurematch.com/services/marketing-automation
    Redirect 301 /services/optimizely https://web.measurematch.com/services/optimizely	
    Redirect 301 /services/power-bi	https://web.measurematch.com/services/power-bi
    Redirect 301 /services/predictive-analytics	https://web.measurematch.com/services/predictive-analytics
    Redirect 301 /services/segment https://web.measurematch.com/services/segment	
    Redirect 301 /services/social-media-analytics https://web.measurematch.com/services/social-media-analytics	
    Redirect 301 /services/tableau https://web.measurematch.com/services/tableau	
    Redirect 301 /services/tag-management https://web.measurematch.com/services/tag-management	
    Redirect 301 /services/ux-analytics	https://web.measurematch.com/services/ux-analytics
    Redirect 301 /services/web-analytics https://web.measurematch.com/services/web-analytics	
    Redirect 301 /technographic-match https://web.measurematch.com/technographic-match		
    Redirect 301 /technographic-search https://web.measurematch.com/technographic-search	
    Redirect 301 /technographic-success https://web.measurematch.com/technographic-success	
    Redirect 301 /terms-of-service https://web.measurematch.com/terms-of-service	
    Redirect 301 /whitepaper/crossing-the-execution-chasm https://web.measurematch.com/whitepaper/crossing-the-execution-chasm

   #www to app.mm for dynamic pages/Neccssary for messaging redirection  
    RewriteCond %{HTTP_HOST} ^measurematch\.com$ [OR]
    RewriteCond %{HTTP_HOST} ^www\.measurematch\.com$
    RewriteRule (.*)$ https://app.measurematch.com/$1 [R=301,L]

    # Redirect Trailing Slashes If Not A Folder...
    RewriteCond %{REQUEST_FILENAME} !-d
    RewriteRule ^(.*)/$ /$1 [L,R=301]
    # Handle Front Controller...
    RewriteCond %{REQUEST_FILENAME} !-d
    RewriteCond %{REQUEST_FILENAME} !-f
    RewriteRule ^ index.php [L]
    # Handle Authorization Header
    RewriteCond %{HTTP:Authorization} .
    RewriteRule .* - [E=HTTP_AUTHORIZATION:%{HTTP:Authorization}]
# BEGIN EXPIRES

<IfModule mod_expires.c>
    ExpiresActive On
    ExpiresDefault "access plus 1 week"
    ExpiresByType text/css "access plus 1 week"
    ExpiresByType text/plain "access plus 1 week"
    ExpiresByType image/gif "access plus 1 week"
    ExpiresByType image/png "access plus 1 week"
    ExpiresByType image/jpeg "access plus 1 week"
    ExpiresByType image/jpg "access plus 1 week"
    ExpiresByType application/x-javascript "access plus 1 week"
    ExpiresByType application/javascript "access plus 1 week"
    ExpiresByType application/x-icon "access plus 1 year"
</IfModule>
# END EXPIRES
<IfModule mod_deflate.c>
    <filesMatch "\.(js|css|html|php|jpg|jpeg|png)$">
        SetOutputFilter DEFLATE
    </filesMatch>
</IfModule>
</IfModule>
